,,,,,,,,,,,,,,,,,,,,,,,,,,,,,,,,,,,,,,,,,,,
,Naive Implementation,,,,,,,,,,,,,,,,,,,,,,Naive Implementation,,,,,,,,,,,,,,,,,,,,
,Node Count,Average Elapsed Time (ms),,,,,,,,,,,,,,,,,,,,,Node Count,Speed Up,,,,,,,,,,,,,,,,,,,
,,1 Task,2 Task,3 Task,4 Task,5 Task,6 Task,7 Task,8 Task,9 Task,10 Task,11 Task,12 Task,13 Task,14 Task,15 Task,16 Task,17 Task,18 Task,19 Task,20 Task,,,1 Task,2 Task,3 Task,4 Task,5 Task,6 Task,7 Task,8 Task,9 Task,10 Task,11 Task,12 Task,13 Task,14 Task,15 Task,16 Task,17 Task,18 Task,19 Task,20 Task
,1,4721,3609,2701,2134,1761,1496,1300,1153,1034,939,860,802,752,710,658,638,602,582,549,525,,1,1,1,1,1,1,1,1,1,1,1,1,1,1,1,1,1,1,1,1,1
,2,4728,3616,2702,2139,1764,1500,1304,1153,1036,942,870,804,750,706,668,624,602,583,556,545,,2,0.998519458544839,0.998064159292035,0.999629903774982,0.997662459093034,0.998299319727891,0.997333333333333,0.996932515337423,1,0.998069498069498,0.996815286624204,0.988505747126437,0.997512437810945,1.00266666666667,1.0056657223796,0.985029940119761,1.0224358974359,1,0.998284734133791,0.987410071942446,0.963302752293578
,3,4721,3610,2692,2130,1756,1497,1299,1149,1034,948,866,807,750,711,667,628,611,577,564,544,,3,1,0.999722991689751,1.00334323922734,1.0018779342723,1.00284738041002,0.999331997327989,1.00076982294072,1.00348128807659,1,0.990506329113924,0.993071593533487,0.993804213135068,1.00266666666667,0.9985935302391,0.986506746626687,1.01592356687898,0.985270049099836,1.00866551126516,0.973404255319149,0.965073529411765
,4,,,,,,,,,,,,,,,,,,,,,,4,#DIV/0!,#DIV/0!,#DIV/0!,#DIV/0!,#DIV/0!,#DIV/0!,#DIV/0!,#DIV/0!,#DIV/0!,#DIV/0!,#DIV/0!,#DIV/0!,#DIV/0!,#DIV/0!,#DIV/0!,#DIV/0!,#DIV/0!,#DIV/0!,#DIV/0!,#DIV/0!
,5,,,,,,,,,,,,,,,,,,,,,,5,#DIV/0!,#DIV/0!,#DIV/0!,#DIV/0!,#DIV/0!,#DIV/0!,#DIV/0!,#DIV/0!,#DIV/0!,#DIV/0!,#DIV/0!,#DIV/0!,#DIV/0!,#DIV/0!,#DIV/0!,#DIV/0!,#DIV/0!,#DIV/0!,#DIV/0!,#DIV/0!
,6,,,,,,,,,,,,,,,,,,,,,,6,#DIV/0!,#DIV/0!,#DIV/0!,#DIV/0!,#DIV/0!,#DIV/0!,#DIV/0!,#DIV/0!,#DIV/0!,#DIV/0!,#DIV/0!,#DIV/0!,#DIV/0!,#DIV/0!,#DIV/0!,#DIV/0!,#DIV/0!,#DIV/0!,#DIV/0!,#DIV/0!
,7,,,,,,,,,,,,,,,,,,,,,,7,#DIV/0!,#DIV/0!,#DIV/0!,#DIV/0!,#DIV/0!,#DIV/0!,#DIV/0!,#DIV/0!,#DIV/0!,#DIV/0!,#DIV/0!,#DIV/0!,#DIV/0!,#DIV/0!,#DIV/0!,#DIV/0!,#DIV/0!,#DIV/0!,#DIV/0!,#DIV/0!
,8,,,,,,,,,,,,,,,,,,,,,,8,#DIV/0!,#DIV/0!,#DIV/0!,#DIV/0!,#DIV/0!,#DIV/0!,#DIV/0!,#DIV/0!,#DIV/0!,#DIV/0!,#DIV/0!,#DIV/0!,#DIV/0!,#DIV/0!,#DIV/0!,#DIV/0!,#DIV/0!,#DIV/0!,#DIV/0!,#DIV/0!
,9,,,,,,,,,,,,,,,,,,,,,,9,#DIV/0!,#DIV/0!,#DIV/0!,#DIV/0!,#DIV/0!,#DIV/0!,#DIV/0!,#DIV/0!,#DIV/0!,#DIV/0!,#DIV/0!,#DIV/0!,#DIV/0!,#DIV/0!,#DIV/0!,#DIV/0!,#DIV/0!,#DIV/0!,#DIV/0!,#DIV/0!
,10,,,,,,,,,,,,,,,,,,,,,,10,#DIV/0!,#DIV/0!,#DIV/0!,#DIV/0!,#DIV/0!,#DIV/0!,#DIV/0!,#DIV/0!,#DIV/0!,#DIV/0!,#DIV/0!,#DIV/0!,#DIV/0!,#DIV/0!,#DIV/0!,#DIV/0!,#DIV/0!,#DIV/0!,#DIV/0!,#DIV/0!
,11,,,,,,,,,,,,,,,,,,,,,,11,#DIV/0!,#DIV/0!,#DIV/0!,#DIV/0!,#DIV/0!,#DIV/0!,#DIV/0!,#DIV/0!,#DIV/0!,#DIV/0!,#DIV/0!,#DIV/0!,#DIV/0!,#DIV/0!,#DIV/0!,#DIV/0!,#DIV/0!,#DIV/0!,#DIV/0!,#DIV/0!
,12,,,,,,,,,,,,,,,,,,,,,,12,#DIV/0!,#DIV/0!,#DIV/0!,#DIV/0!,#DIV/0!,#DIV/0!,#DIV/0!,#DIV/0!,#DIV/0!,#DIV/0!,#DIV/0!,#DIV/0!,#DIV/0!,#DIV/0!,#DIV/0!,#DIV/0!,#DIV/0!,#DIV/0!,#DIV/0!,#DIV/0!
,13,,,,,,,,,,,,,,,,,,,,,,13,#DIV/0!,#DIV/0!,#DIV/0!,#DIV/0!,#DIV/0!,#DIV/0!,#DIV/0!,#DIV/0!,#DIV/0!,#DIV/0!,#DIV/0!,#DIV/0!,#DIV/0!,#DIV/0!,#DIV/0!,#DIV/0!,#DIV/0!,#DIV/0!,#DIV/0!,#DIV/0!
,14,,,,,,,,,,,,,,,,,,,,,,14,#DIV/0!,#DIV/0!,#DIV/0!,#DIV/0!,#DIV/0!,#DIV/0!,#DIV/0!,#DIV/0!,#DIV/0!,#DIV/0!,#DIV/0!,#DIV/0!,#DIV/0!,#DIV/0!,#DIV/0!,#DIV/0!,#DIV/0!,#DIV/0!,#DIV/0!,#DIV/0!
,15,,,,,,,,,,,,,,,,,,,,,,15,#DIV/0!,#DIV/0!,#DIV/0!,#DIV/0!,#DIV/0!,#DIV/0!,#DIV/0!,#DIV/0!,#DIV/0!,#DIV/0!,#DIV/0!,#DIV/0!,#DIV/0!,#DIV/0!,#DIV/0!,#DIV/0!,#DIV/0!,#DIV/0!,#DIV/0!,#DIV/0!
,16,4780,3641,2714,2144,1771,1520,1318,1172,1055,962,895,823,788,743,697,668,657,642,613,608,,16,0.98765690376569,0.991211205712716,0.99521002210759,0.995335820895522,0.994353472614342,0.984210526315789,0.986342943854325,0.983788395904437,0.980094786729858,0.976091476091476,0.960893854748603,0.974483596597813,0.954314720812183,0.955585464333782,0.944045911047346,0.955089820359282,0.916286149162861,0.906542056074766,0.895595432300163,0.863486842105263
,,,,,,,,,,,,,,,,,,,,,,,,,,,,,,,,,,,,,,,,,,,
,Tuned Implementation,,,,,,,,,,,,,,,,,,,,,,Tuned Implementation,,,,,,,,,,,,,,,,,,,,
,Node Count,Average Elapsed Time (ms),,,,,,,,,,,,,,,,,,,,,Node Count,Speed Up,,,,,,,,,,,,,,,,,,,
,,1 Task,2 Task,3 Task,4 Task,5 Task,6 Task,7 Task,8 Task,9 Task,10 Task,11 Task,12 Task,13 Task,14 Task,15 Task,16 Task,17 Task,18 Task,19 Task,20 Task,,,1 Task,2 Task,3 Task,4 Task,5 Task,6 Task,7 Task,8 Task,9 Task,10 Task,11 Task,12 Task,13 Task,14 Task,15 Task,16 Task,17 Task,18 Task,19 Task,20 Task
,1,4787,3613,2700,2131,1760,1495,1304,1155,1037,940,869,816,756,711,669,642,620,607,607,599,,1,1,1,1,1,1,1,1,1,1,1,1,1,1,1,1,1,1,1,1,1
,2,5154,3609,2692,2136,1760,1502,1305,1158,1039,941,865,810,764,718,672,638,613,587,574,552,,2,0.928793170353124,1.00110834026046,1.00297176820208,0.997659176029963,1,0.995339547270306,0.999233716475096,0.997409326424871,0.998075072184793,0.99893730074389,1.00462427745665,1.00740740740741,0.989528795811518,0.99025069637883,0.995535714285714,1.00626959247649,1.01141924959217,1.03407155025554,1.05749128919861,1.08514492753623
,3,4983,3616,2694,2130,1760,1498,1305,1151,1038,941,870,809,752,712,671,647,603,582,565,550,,3,0.960666265302027,0.999170353982301,1.0022271714922,1.00046948356808,1,0.997997329773031,0.999233716475096,1.00347523892268,0.999036608863198,0.99893730074389,0.998850574712644,1.00865265760198,1.00531914893617,0.998595505617978,0.997019374068554,0.992272024729521,1.02819237147595,1.04295532646048,1.07433628318584,1.08909090909091
,4,,,,,,,,,,,,,,,,,,,,,,4,#DIV/0!,#DIV/0!,#DIV/0!,#DIV/0!,#DIV/0!,#DIV/0!,#DIV/0!,#DIV/0!,#DIV/0!,#DIV/0!,#DIV/0!,#DIV/0!,#DIV/0!,#DIV/0!,#DIV/0!,#DIV/0!,#DIV/0!,#DIV/0!,#DIV/0!,#DIV/0!
,5,,,,,,,,,,,,,,,,,,,,,,5,#DIV/0!,#DIV/0!,#DIV/0!,#DIV/0!,#DIV/0!,#DIV/0!,#DIV/0!,#DIV/0!,#DIV/0!,#DIV/0!,#DIV/0!,#DIV/0!,#DIV/0!,#DIV/0!,#DIV/0!,#DIV/0!,#DIV/0!,#DIV/0!,#DIV/0!,#DIV/0!
,6,,,,,,,,,,,,,,,,,,,,,,6,#DIV/0!,#DIV/0!,#DIV/0!,#DIV/0!,#DIV/0!,#DIV/0!,#DIV/0!,#DIV/0!,#DIV/0!,#DIV/0!,#DIV/0!,#DIV/0!,#DIV/0!,#DIV/0!,#DIV/0!,#DIV/0!,#DIV/0!,#DIV/0!,#DIV/0!,#DIV/0!
,7,,,,,,,,,,,,,,,,,,,,,,7,#DIV/0!,#DIV/0!,#DIV/0!,#DIV/0!,#DIV/0!,#DIV/0!,#DIV/0!,#DIV/0!,#DIV/0!,#DIV/0!,#DIV/0!,#DIV/0!,#DIV/0!,#DIV/0!,#DIV/0!,#DIV/0!,#DIV/0!,#DIV/0!,#DIV/0!,#DIV/0!
,8,,,,,,,,,,,,,,,,,,,,,,8,#DIV/0!,#DIV/0!,#DIV/0!,#DIV/0!,#DIV/0!,#DIV/0!,#DIV/0!,#DIV/0!,#DIV/0!,#DIV/0!,#DIV/0!,#DIV/0!,#DIV/0!,#DIV/0!,#DIV/0!,#DIV/0!,#DIV/0!,#DIV/0!,#DIV/0!,#DIV/0!
,9,,,,,,,,,,,,,,,,,,,,,,9,#DIV/0!,#DIV/0!,#DIV/0!,#DIV/0!,#DIV/0!,#DIV/0!,#DIV/0!,#DIV/0!,#DIV/0!,#DIV/0!,#DIV/0!,#DIV/0!,#DIV/0!,#DIV/0!,#DIV/0!,#DIV/0!,#DIV/0!,#DIV/0!,#DIV/0!,#DIV/0!
,10,,,,,,,,,,,,,,,,,,,,,,10,#DIV/0!,#DIV/0!,#DIV/0!,#DIV/0!,#DIV/0!,#DIV/0!,#DIV/0!,#DIV/0!,#DIV/0!,#DIV/0!,#DIV/0!,#DIV/0!,#DIV/0!,#DIV/0!,#DIV/0!,#DIV/0!,#DIV/0!,#DIV/0!,#DIV/0!,#DIV/0!
,11,,,,,,,,,,,,,,,,,,,,,,11,#DIV/0!,#DIV/0!,#DIV/0!,#DIV/0!,#DIV/0!,#DIV/0!,#DIV/0!,#DIV/0!,#DIV/0!,#DIV/0!,#DIV/0!,#DIV/0!,#DIV/0!,#DIV/0!,#DIV/0!,#DIV/0!,#DIV/0!,#DIV/0!,#DIV/0!,#DIV/0!
,12,,,,,,,,,,,,,,,,,,,,,,12,#DIV/0!,#DIV/0!,#DIV/0!,#DIV/0!,#DIV/0!,#DIV/0!,#DIV/0!,#DIV/0!,#DIV/0!,#DIV/0!,#DIV/0!,#DIV/0!,#DIV/0!,#DIV/0!,#DIV/0!,#DIV/0!,#DIV/0!,#DIV/0!,#DIV/0!,#DIV/0!
,13,,,,,,,,,,,,,,,,,,,,,,13,#DIV/0!,#DIV/0!,#DIV/0!,#DIV/0!,#DIV/0!,#DIV/0!,#DIV/0!,#DIV/0!,#DIV/0!,#DIV/0!,#DIV/0!,#DIV/0!,#DIV/0!,#DIV/0!,#DIV/0!,#DIV/0!,#DIV/0!,#DIV/0!,#DIV/0!,#DIV/0!
,14,,,,,,,,,,,,,,,,,,,,,,14,#DIV/0!,#DIV/0!,#DIV/0!,#DIV/0!,#DIV/0!,#DIV/0!,#DIV/0!,#DIV/0!,#DIV/0!,#DIV/0!,#DIV/0!,#DIV/0!,#DIV/0!,#DIV/0!,#DIV/0!,#DIV/0!,#DIV/0!,#DIV/0!,#DIV/0!,#DIV/0!
,15,,,,,,,,,,,,,,,,,,,,,,15,#DIV/0!,#DIV/0!,#DIV/0!,#DIV/0!,#DIV/0!,#DIV/0!,#DIV/0!,#DIV/0!,#DIV/0!,#DIV/0!,#DIV/0!,#DIV/0!,#DIV/0!,#DIV/0!,#DIV/0!,#DIV/0!,#DIV/0!,#DIV/0!,#DIV/0!,#DIV/0!
,16,4916,3690,2719,2166,1789,1522,1313,1174,1061,976,887,830,793,759,716,697,664,647,641,600,,16,0.973759153783564,0.979132791327913,0.993012136815006,0.983841181902124,0.983789826718837,0.982260183968463,0.993145468392993,0.98381601362862,0.977379830348728,0.963114754098361,0.979706877113867,0.983132530120482,0.953341740226986,0.936758893280632,0.934357541899441,0.921090387374462,0.933734939759036,0.938176197836167,0.946957878315133,0.998333333333333
